segment_id,daily_notifications,min_gap_hours,strategy,avg_activeness,avg_churn_risk,uninstall_risk,avg_notif_open_rate
0,4,6,Conservative,0.25040410106441247,0.6623710674655126,0.0,0.19102965305617195
2,4,6,Conservative,0.2747527047421308,0.6544354730375621,0.0,0.19682503477618501
1,6,4,Balanced,0.4146035244754931,0.525384525449405,0.0,0.409660164667964
4,6,4,Balanced,0.4457558822992567,0.5121842409738837,0.0,0.44447371875936037
5,4,6,Conservative,0.36335122762265176,0.7601047649461657,0.0,0.3223001897969008
3,6,4,Balanced,0.4342264345829322,0.7291297927456813,0.0,0.36042740884951346
