segment_id,daily_notifications,min_gap_hours,strategy,avg_activeness,avg_churn_risk,uninstall_risk,avg_notif_open_rate
5,2,12,Conservative - Uninstall Guardrail Applied,0.2828147971091752,0.5893945914562625,0.024380000000000002,0.22288457793248417
2,2,12,Conservative - Uninstall Guardrail Applied,0.30309372673770707,0.6735133712233753,0.021124999999999998,0.20813815620620274
1,4,6,Conservative,0.2876744756539066,0.6327918329828979,0.016679999999999997,0.1882671918774596
3,4,6,Balanced - Uninstall Guardrail Applied,0.4298251211058254,0.5023098130733054,0.022025,0.4708889959722015
4,4,6,Balanced - Uninstall Guardrail Applied,0.41542902546608634,0.547483764359454,0.02327,0.43712401580595595
0,4,6,Conservative,0.3878304077917467,0.7495996276653776,0.018620000000000005,0.34733675876770287
