segment_id,daily_notifications,min_gap_hours,strategy,avg_activeness,avg_churn_risk,uninstall_risk,avg_notif_open_rate
0,4,6,Conservative,0.2687192398474984,0.6487750260616832,0.0,0.21315278513783453
2,4,6,Conservative,0.2719810618088417,0.6440509318563917,0.0,0.19602529403144162
3,6,4,Balanced,0.46214472229830167,0.48649105971909884,0.0,0.4629525769290798
5,6,4,Balanced,0.4407093754516771,0.5195420103298327,0.0,0.44736235446813616
1,4,6,Conservative,0.3501355051190513,0.7717775995041573,0.0,0.3190606076399056
4,6,4,Balanced,0.5317173526748713,0.6724589500972049,0.0,0.5206535563751404
