segment_id,daily_notifications,min_gap_hours,strategy,avg_activeness,avg_churn_risk,uninstall_risk,avg_notif_open_rate
2,4,6,Conservative,0.29134401193605103,0.6424764669227782,0.0,0.2086611055791041
4,4,6,Conservative,0.2784895109874172,0.6158120684835375,0.0,0.19970541669115216
3,6,4,Balanced,0.432495059892667,0.506213327825553,0.0,0.4753816815955556
1,4,6,Conservative,0.3978243280464709,0.5700365243274477,0.0,0.37724733465056887
5,4,6,Conservative,0.302583289232366,0.6279980311181436,0.0,0.22768774515109882
0,4,6,Conservative,0.3734041360223732,0.7581383694504058,0.0,0.3298709074518107
