segment_id,daily_notifications,min_gap_hours,strategy,avg_activeness,avg_churn_risk,uninstall_risk,avg_notif_open_rate
0,2,12,Conservative - Uninstall Guardrail Applied,0.29673820349520474,0.6655704683610865,0.026629999999999997,0.20971034172859843
1,2,12,Conservative - Uninstall Guardrail Applied,0.3017392725914831,0.6242555131211439,0.021025000000000002,0.21340047524970032
3,4,6,Balanced - Uninstall Guardrail Applied,0.4304838573681386,0.5008435141073807,0.02325,0.45769703249764404
4,4,6,Balanced - Uninstall Guardrail Applied,0.4301865469716316,0.537742804025385,0.029500000000000005,0.47122349295038257
5,4,6,Conservative,0.28264680029091516,0.5884938505971244,0.01445,0.2284182922501066
2,2,12,Conservative - Uninstall Guardrail Applied,0.3715052664485044,0.7564585422585569,0.025229999999999995,0.32359941278598764
6,4,6,Balanced - Uninstall Guardrail Applied,0.5150725490776104,0.6838642719718736,0.022140000000000003,0.5289135239075294
